post–Volume 10 artifact,primary FS mapping,secondary FS mapping,mapping rationale,coverage type,current FS status,overlap level,missing from FS,superseded by FS,still independently valuable
PV10-0001 | MASTER_PRODUCT_AND_INTELLIGENCE_MAP.md,FS-8000,,Workflows content aligns most strongly to FS-8000,partially absorbed,Current FS-4000–FS-14000 package exists; detailed absorption test pending,High,Requires artifact-level comparison,Possibly in implementation detail; unresolved until comparison,"Yes—preserves product evolution, domain breadth, or provenance"
PV10-0002 | SCOPE_AND_NON_GOALS.md,FS-6000,,Agents content aligns most strongly to FS-6000,partially absorbed,Current FS-4000–FS-14000 package exists; detailed absorption test pending,High,Requires artifact-level comparison,Possibly in implementation detail; unresolved until comparison,"Yes—preserves product evolution, domain breadth, or provenance"
PV10-0003 | RFC-11000.md,FS-4000,,Workflows content aligns most strongly to FS-4000,partially absorbed,Current FS-4000–FS-14000 package exists; detailed absorption test pending,High,Requires artifact-level comparison,Possibly in implementation detail; unresolved until comparison,"Yes—preserves product evolution, domain breadth, or provenance"
PV10-0004 | RFC-11001.md,FS-6000,,"Documents, Evidence and Knowledge content aligns most strongly to FS-6000",partially absorbed,Current FS-4000–FS-14000 package exists; detailed absorption test pending,High,Requires artifact-level comparison,Possibly in implementation detail; unresolved until comparison,"Yes—preserves product evolution, domain breadth, or provenance"
PV10-0005 | RFC-11002.md,FS-9000,,"Data, Connectors and Graph content aligns most strongly to FS-9000",partially absorbed,Current FS-4000–FS-14000 package exists; detailed absorption test pending,High,Requires artifact-level comparison,Possibly in implementation detail; unresolved until comparison,"Yes—preserves product evolution, domain breadth, or provenance"
PV10-0006 | RFC-11003.md,FS-4000,,"Documents, Evidence and Knowledge content aligns most strongly to FS-4000",partially absorbed,Current FS-4000–FS-14000 package exists; detailed absorption test pending,High,Requires artifact-level comparison,Possibly in implementation detail; unresolved until comparison,"Yes—preserves product evolution, domain breadth, or provenance"
PV10-0007 | RFC-11004.md,FS-13000,,"Documents, Evidence and Knowledge content aligns most strongly to FS-13000",partially absorbed,Current FS-4000–FS-14000 package exists; detailed absorption test pending,High,Requires artifact-level comparison,Possibly in implementation detail; unresolved until comparison,"Yes—preserves product evolution, domain breadth, or provenance"
PV10-0008 | RFC-11005.md,FS-8000,,"Executive, Board and Governance content aligns most strongly to FS-8000",partially absorbed,Current FS-4000–FS-14000 package exists; detailed absorption test pending,High,Requires artifact-level comparison,Possibly in implementation detail; unresolved until comparison,"Yes—preserves product evolution, domain breadth, or provenance"
PV10-0009 | RFC-11006.md,FS-12000,,"Executive, Board and Governance content aligns most strongly to FS-12000",partially absorbed,Current FS-4000–FS-14000 package exists; detailed absorption test pending,High,Requires artifact-level comparison,Possibly in implementation detail; unresolved until comparison,"Yes—preserves product evolution, domain breadth, or provenance"
PV10-0010 | RFC-11007.md,FS-9000,,"Data, Connectors and Graph content aligns most strongly to FS-9000",partially absorbed,Current FS-4000–FS-14000 package exists; detailed absorption test pending,High,Requires artifact-level comparison,Possibly in implementation detail; unresolved until comparison,"Yes—preserves product evolution, domain breadth, or provenance"
PV10-0011 | RFC-11008.md,FS-9000,,"Data, Connectors and Graph content aligns most strongly to FS-9000",partially absorbed,Current FS-4000–FS-14000 package exists; detailed absorption test pending,High,Requires artifact-level comparison,Possibly in implementation detail; unresolved until comparison,"Yes—preserves product evolution, domain breadth, or provenance"
PV10-0012 | RFC-11009.md,FS-6000,,"Documents, Evidence and Knowledge content aligns most strongly to FS-6000",partially absorbed,Current FS-4000–FS-14000 package exists; detailed absorption test pending,High,Requires artifact-level comparison,Possibly in implementation detail; unresolved until comparison,"Yes—preserves product evolution, domain breadth, or provenance"
PV10-0013 | RFC-11010.md,FS-6000,,"Documents, Evidence and Knowledge content aligns most strongly to FS-6000",partially absorbed,Current FS-4000–FS-14000 package exists; detailed absorption test pending,High,Requires artifact-level comparison,Possibly in implementation detail; unresolved until comparison,"Yes—preserves product evolution, domain breadth, or provenance"
PV10-0014 | RFC-11011.md,FS-6000,,"Documents, Evidence and Knowledge content aligns most strongly to FS-6000",partially absorbed,Current FS-4000–FS-14000 package exists; detailed absorption test pending,High,Requires artifact-level comparison,Possibly in implementation detail; unresolved until comparison,"Yes—preserves product evolution, domain breadth, or provenance"
PV10-0015 | RFC-11012.md,FS-4000,,"Executive, Board and Governance content aligns most strongly to FS-4000",partially absorbed,Current FS-4000–FS-14000 package exists; detailed absorption test pending,High,Requires artifact-level comparison,Possibly in implementation detail; unresolved until comparison,"Yes—preserves product evolution, domain breadth, or provenance"
PV10-0016 | RFC-11013.md,FS-8000,,Workflows content aligns most strongly to FS-8000,partially absorbed,Current FS-4000–FS-14000 package exists; detailed absorption test pending,High,Requires artifact-level comparison,Possibly in implementation detail; unresolved until comparison,"Yes—preserves product evolution, domain breadth, or provenance"
PV10-0017 | RFC-11014.md,FS-9000,,"Data, Connectors and Graph content aligns most strongly to FS-9000",partially absorbed,Current FS-4000–FS-14000 package exists; detailed absorption test pending,High,Requires artifact-level comparison,Possibly in implementation detail; unresolved until comparison,"Yes—preserves product evolution, domain breadth, or provenance"
PV10-0018 | RFC-11015.md,FS-8000,,"Executive, Board and Governance content aligns most strongly to FS-8000",partially absorbed,Current FS-4000–FS-14000 package exists; detailed absorption test pending,High,Requires artifact-level comparison,Possibly in implementation detail; unresolved until comparison,"Yes—preserves product evolution, domain breadth, or provenance"
PV10-0019 | CAPITAL_MARKETS_AND_PRIVATE_MARKETS.md,FS-4000,,Ontology and Truth Models content aligns most strongly to FS-4000,fully absorbed,Current FS-4000–FS-14000 package exists; detailed absorption test pending,Complete,None identified at the domain-framework level,Yes — FS-4000 is authoritative,No as an active derivative; original source remains valuable for provenance
PV10-0020 | COOPERATIVE_FINANCE_AND_CUSOS.md,FS-4000,,Ontology and Truth Models content aligns most strongly to FS-4000,fully absorbed,Current FS-4000–FS-14000 package exists; detailed absorption test pending,Complete,None identified at the domain-framework level,Yes — FS-4000 is authoritative,No as an active derivative; original source remains valuable for provenance
PV10-0021 | CUSTOMERS_MEMBERS_AND_RELATIONSHIPS.md,FS-4000,,Ontology and Truth Models content aligns most strongly to FS-4000,fully absorbed,Current FS-4000–FS-14000 package exists; detailed absorption test pending,Complete,None identified at the domain-framework level,Yes — FS-4000 is authoritative,No as an active derivative; original source remains valuable for provenance
PV10-0022 | DEPOSITS_TREASURY_AND_LIQUIDITY.md,FS-4000,,Ontology and Truth Models content aligns most strongly to FS-4000,fully absorbed,Current FS-4000–FS-14000 package exists; detailed absorption test pending,Complete,None identified at the domain-framework level,Yes — FS-4000 is authoritative,No as an active derivative; original source remains valuable for provenance
PV10-0023 | FINANCE_ACCOUNTING_AND_ECONOMICS.md,FS-6000,,Ontology and Truth Models content aligns most strongly to FS-6000,fully absorbed,Current FS-4000–FS-14000 package exists; detailed absorption test pending,Complete,None identified at the domain-framework level,Yes — FS-4000 is authoritative,No as an active derivative; original source remains valuable for provenance
PV10-0024 | FINTECH_AND_FINANCIAL_INFRASTRUCTURE.md,FS-12000,,Workflows content aligns most strongly to FS-12000,fully absorbed,Current FS-4000–FS-14000 package exists; detailed absorption test pending,Complete,None identified at the domain-framework level,Yes — FS-4000 is authoritative,No as an active derivative; original source remains valuable for provenance
PV10-0025 | INNOVATION_PROCUREMENT_AND_ADOPTION.md,FS-12000,,Ontology and Truth Models content aligns most strongly to FS-12000,fully absorbed,Current FS-4000–FS-14000 package exists; detailed absorption test pending,Complete,None identified at the domain-framework level,Yes — FS-4000 is authoritative,No as an active derivative; original source remains valuable for provenance
PV10-0026 | INSTITUTIONS_AND_GOVERNANCE.md,FS-4000,,Workflows content aligns most strongly to FS-4000,fully absorbed,Current FS-4000–FS-14000 package exists; detailed absorption test pending,Complete,None identified at the domain-framework level,Yes — FS-4000 is authoritative,No as an active derivative; original source remains valuable for provenance
PV10-0027 | LENDING_CREDIT_AND_SERVICING.md,FS-13000,,Ontology and Truth Models content aligns most strongly to FS-13000,fully absorbed,Current FS-4000–FS-14000 package exists; detailed absorption test pending,Complete,None identified at the domain-framework level,Yes — FS-4000 is authoritative,No as an active derivative; original source remains valuable for provenance
PV10-0028 | OPERATIONS_TECHNOLOGY_AND_DATA.md,FS-8000,,Workflows content aligns most strongly to FS-8000,fully absorbed,Current FS-4000–FS-14000 package exists; detailed absorption test pending,Complete,None identified at the domain-framework level,Yes — FS-4000 is authoritative,No as an active derivative; original source remains valuable for provenance
PV10-0029 | PAYMENTS_CARDS_AND_MONEY_MOVEMENT.md,FS-10000,,Ontology and Truth Models content aligns most strongly to FS-10000,fully absorbed,Current FS-4000–FS-14000 package exists; detailed absorption test pending,Complete,None identified at the domain-framework level,Yes — FS-4000 is authoritative,No as an active derivative; original source remains valuable for provenance
PV10-0030 | RISK_COMPLIANCE_AND_REGULATION.md,FS-4000,,Ontology and Truth Models content aligns most strongly to FS-4000,fully absorbed,Current FS-4000–FS-14000 package exists; detailed absorption test pending,Complete,None identified at the domain-framework level,Yes — FS-4000 is authoritative,No as an active derivative; original source remains valuable for provenance
PV10-0031 | WEALTH_BROKERAGE_TRUST_AND_INSURANCE.md,FS-12000,,Ontology and Truth Models content aligns most strongly to FS-12000,fully absorbed,Current FS-4000–FS-14000 package exists; detailed absorption test pending,Complete,None identified at the domain-framework level,Yes — FS-4000 is authoritative,No as an active derivative; original source remains valuable for provenance
PV10-0032 | FINTECH_INSTITUTIONALIZATION_TRUTH_MODEL.md,FS-4000,,Ontology and Truth Models content aligns most strongly to FS-4000,partially absorbed,Current FS-4000–FS-14000 package exists; detailed absorption test pending,High,Requires artifact-level comparison,Possibly in implementation detail; unresolved until comparison,"Yes—preserves product evolution, domain breadth, or provenance"
PV10-0033 | INNOVATION_TO_INSTITUTION_BRIDGE.md,FS-6000,,Ontology and Truth Models content aligns most strongly to FS-6000,partially absorbed,Current FS-4000–FS-14000 package exists; detailed absorption test pending,High,Requires artifact-level comparison,Possibly in implementation detail; unresolved until comparison,"Yes—preserves product evolution, domain breadth, or provenance"
PV10-0034 | INSTITUTION_LIFECYCLE_TRUTH_MODEL.md,FS-8000,,Ontology and Truth Models content aligns most strongly to FS-8000,partially absorbed,Current FS-4000–FS-14000 package exists; detailed absorption test pending,High,Requires artifact-level comparison,Possibly in implementation detail; unresolved until comparison,"Yes—preserves product evolution, domain breadth, or provenance"
PV10-0035 | LENDING_CREDIT_TRUTH_MODEL.md,FS-8000,,Ontology and Truth Models content aligns most strongly to FS-8000,fully absorbed,Current FS-4000–FS-14000 package exists; detailed absorption test pending,Complete,None identified at the domain-framework level,Yes — FS-4000 is authoritative,No as an active derivative; original source remains valuable for provenance
PV10-0036 | PARTNERSHIP_PILOT_INVESTMENT_TRUTH_MODEL.md,FS-6000,,Ontology and Truth Models content aligns most strongly to FS-6000,partially absorbed,Current FS-4000–FS-14000 package exists; detailed absorption test pending,High,Requires artifact-level comparison,Possibly in implementation detail; unresolved until comparison,"Yes—preserves product evolution, domain breadth, or provenance"
PV10-0037 | REGULATORY_INTELLIGENCE_TRUTH_MODEL.md,FS-6000,,Workflows content aligns most strongly to FS-6000,fully absorbed,Current FS-4000–FS-14000 package exists; detailed absorption test pending,Complete,None identified at the domain-framework level,Yes — FS-4000 is authoritative,No as an active derivative; original source remains valuable for provenance
PV10-0038 | EVIDENCE_CONFIDENCE_AND_FRESHNESS.md,FS-8000,,"Documents, Evidence and Knowledge content aligns most strongly to FS-8000",partially absorbed,Current FS-4000–FS-14000 package exists; detailed absorption test pending,High,Requires artifact-level comparison,Possibly in implementation detail; unresolved until comparison,"Yes—preserves product evolution, domain breadth, or provenance"
PV10-0039 | INSTITUTIONAL_RULE_LIBRARY.md,FS-6000,,"Documents, Evidence and Knowledge content aligns most strongly to FS-6000",partially absorbed,Current FS-4000–FS-14000 package exists; detailed absorption test pending,High,Requires artifact-level comparison,Possibly in implementation detail; unresolved until comparison,"Yes—preserves product evolution, domain breadth, or provenance"
PV10-0040 | READINESS_AND_FIT_SCORING.md,FS-12000,,"Data, Connectors and Graph content aligns most strongly to FS-12000",partially absorbed,Current FS-4000–FS-14000 package exists; detailed absorption test pending,High,Requires artifact-level comparison,Possibly in implementation detail; unresolved until comparison,"Yes—preserves product evolution, domain breadth, or provenance"
PV10-0041 | 01_PUBLIC_INSTITUTION_PROFILE.md,FS-6000,,Agents content aligns most strongly to FS-6000,partially absorbed,Current FS-4000–FS-14000 package exists; detailed absorption test pending,High,Requires artifact-level comparison,Possibly in implementation detail; unresolved until comparison,"Yes—preserves product evolution, domain breadth, or provenance"
PV10-0042 | 02_PRIVATE_TERMINAL_ONBOARDING.md,FS-8000,,Agents content aligns most strongly to FS-8000,partially absorbed,Current FS-4000–FS-14000 package exists; detailed absorption test pending,High,Requires artifact-level comparison,Possibly in implementation detail; unresolved until comparison,"Yes—preserves product evolution, domain breadth, or provenance"
PV10-0043 | 03_FINTECH_QUALIFICATION.md,FS-6000,,Agents content aligns most strongly to FS-6000,partially absorbed,Current FS-4000–FS-14000 package exists; detailed absorption test pending,High,Requires artifact-level comparison,Possibly in implementation detail; unresolved until comparison,"Yes—preserves product evolution, domain breadth, or provenance"
PV10-0044 | 04_INSTITUTION_FINTECH_MATCH.md,FS-6000,,Agents content aligns most strongly to FS-6000,partially absorbed,Current FS-4000–FS-14000 package exists; detailed absorption test pending,High,Requires artifact-level comparison,Possibly in implementation detail; unresolved until comparison,"Yes—preserves product evolution, domain breadth, or provenance"
PV10-0045 | 05_PILOT_EXECUTION.md,FS-12000,,Agents content aligns most strongly to FS-12000,partially absorbed,Current FS-4000–FS-14000 package exists; detailed absorption test pending,High,Requires artifact-level comparison,Possibly in implementation detail; unresolved until comparison,"Yes—preserves product evolution, domain breadth, or provenance"
PV10-0046 | 06_VENDOR_DUE_DILIGENCE.md,FS-12000,,Agents content aligns most strongly to FS-12000,partially absorbed,Current FS-4000–FS-14000 package exists; detailed absorption test pending,High,Requires artifact-level comparison,Possibly in implementation detail; unresolved until comparison,"Yes—preserves product evolution, domain breadth, or provenance"
PV10-0047 | 07_CUSO_PARTNERSHIP.md,FS-6000,,Agents content aligns most strongly to FS-6000,partially absorbed,Current FS-4000–FS-14000 package exists; detailed absorption test pending,High,Requires artifact-level comparison,Possibly in implementation detail; unresolved until comparison,"Yes—preserves product evolution, domain breadth, or provenance"
PV10-0048 | 08_INVESTMENT_COMMITTEE.md,FS-6000,,Agents content aligns most strongly to FS-6000,partially absorbed,Current FS-4000–FS-14000 package exists; detailed absorption test pending,High,Requires artifact-level comparison,Possibly in implementation detail; unresolved until comparison,"Yes—preserves product evolution, domain breadth, or provenance"
PV10-0049 | 09_REGULATORY_CHANGE.md,FS-6000,,Workflows content aligns most strongly to FS-6000,partially absorbed,Current FS-4000–FS-14000 package exists; detailed absorption test pending,High,Requires artifact-level comparison,Possibly in implementation detail; unresolved until comparison,"Yes—preserves product evolution, domain breadth, or provenance"
PV10-0050 | 10_AURIC_PUBLICATION.md,FS-6000,,Agents content aligns most strongly to FS-6000,partially absorbed,Current FS-4000–FS-14000 package exists; detailed absorption test pending,High,Requires artifact-level comparison,Possibly in implementation detail; unresolved until comparison,"Yes—preserves product evolution, domain breadth, or provenance"
PV10-0051 | AGENT_CATALOG.csv,FS-5000,,Workflows content aligns most strongly to FS-5000,partially absorbed,Current FS-4000–FS-14000 package exists; detailed absorption test pending,High,Requires artifact-level comparison,Possibly in implementation detail; unresolved until comparison,"Yes—preserves product evolution, domain breadth, or provenance"
PV10-0052 | AGENT_LIBRARY_SPEC.md,FS-4000,,Agents content aligns most strongly to FS-4000,partially absorbed,Current FS-4000–FS-14000 package exists; detailed absorption test pending,High,Requires artifact-level comparison,Possibly in implementation detail; unresolved until comparison,"Yes—preserves product evolution, domain breadth, or provenance"
PV10-0053 | MARKET_GRAPH_SCHEMA.md,FS-9000,,"Data, Connectors and Graph content aligns most strongly to FS-9000",partially absorbed,Current FS-4000–FS-14000 package exists; detailed absorption test pending,High,Requires artifact-level comparison,Possibly in implementation detail; unresolved until comparison,"Yes—preserves product evolution, domain breadth, or provenance"
PV10-0054 | PROFILE_SCHEMAS.md,FS-12000,,Workflows content aligns most strongly to FS-12000,partially absorbed,Current FS-4000–FS-14000 package exists; detailed absorption test pending,High,Requires artifact-level comparison,Possibly in implementation detail; unresolved until comparison,"Yes—preserves product evolution, domain breadth, or provenance"
PV10-0055 | CONNECTOR_PRIORITY_BACKLOG.md,FS-8000,,"Data, Connectors and Graph content aligns most strongly to FS-8000",partially absorbed,Current FS-4000–FS-14000 package exists; detailed absorption test pending,High,Requires artifact-level comparison,Possibly in implementation detail; unresolved until comparison,"Yes—preserves product evolution, domain breadth, or provenance"
PV10-0056 | PUBLIC_SOURCE_MAP.md,FS-8000,,"Data, Connectors and Graph content aligns most strongly to FS-8000",partially absorbed,Current FS-4000–FS-14000 package exists; detailed absorption test pending,High,Requires artifact-level comparison,Possibly in implementation detail; unresolved until comparison,"Yes—preserves product evolution, domain breadth, or provenance"
PV10-0057 | ACCEPTANCE_TESTS.md,FS-6000,,"Data, Connectors and Graph content aligns most strongly to FS-6000",partially absorbed,Current FS-4000–FS-14000 package exists; detailed absorption test pending,High,Requires artifact-level comparison,Possibly in implementation detail; unresolved until comparison,"Yes—preserves product evolution, domain breadth, or provenance"
PV10-0058 | CLAUDE_NEXT_THREAD_PROMPT.md,FS-6000,,"Data, Connectors and Graph content aligns most strongly to FS-6000",partially absorbed,Current FS-4000–FS-14000 package exists; detailed absorption test pending,High,Requires artifact-level comparison,Possibly in implementation detail; unresolved until comparison,"Yes—preserves product evolution, domain breadth, or provenance"
PV10-0059 | IMPLEMENTATION_BACKLOG.md,FS-8000,,Workflows content aligns most strongly to FS-8000,partially absorbed,Current FS-4000–FS-14000 package exists; detailed absorption test pending,High,Requires artifact-level comparison,Possibly in implementation detail; unresolved until comparison,"Yes—preserves product evolution, domain breadth, or provenance"
PV10-0060 | WEEK_COMPLETION_PLAN.md,FS-4000,,Workflows content aligns most strongly to FS-4000,partially absorbed,Current FS-4000–FS-14000 package exists; detailed absorption test pending,High,Requires artifact-level comparison,Possibly in implementation detail; unresolved until comparison,"Yes—preserves product evolution, domain breadth, or provenance"
PV10-0061 | MANIFEST.json,FS-8000,,Workflows content aligns most strongly to FS-8000,partially absorbed,Current FS-4000–FS-14000 package exists; detailed absorption test pending,High,Requires artifact-level comparison,Possibly in implementation detail; unresolved until comparison,"Yes—preserves product evolution, domain breadth, or provenance"
PV10-0062 | README.md,FS-4000,,Workflows content aligns most strongly to FS-4000,partially absorbed,Current FS-4000–FS-14000 package exists; detailed absorption test pending,High,Requires artifact-level comparison,Possibly in implementation detail; unresolved until comparison,"Yes—preserves product evolution, domain breadth, or provenance"
PV10-0063 | domain_registry.json,FS-4000,,Ontology and Truth Models content aligns most strongly to FS-4000,fully absorbed,Current FS-4000–FS-14000 package exists; detailed absorption test pending,Complete,None identified at the domain-framework level,Yes — FS-4000 is authoritative,No as an active derivative; original source remains valuable for provenance
PV10-0064 | relationship_types.json,FS-9000,,"Executive, Board and Governance content aligns most strongly to FS-9000",partially absorbed,Current FS-4000–FS-14000 package exists; detailed absorption test pending,High,Requires artifact-level comparison,Possibly in implementation detail; unresolved until comparison,"Yes—preserves product evolution, domain breadth, or provenance"
PV10-0065 | $ DISPATCH_OS_REMAINING_ROADMAP(1).md,FS-4000,,Workflows content aligns most strongly to FS-4000,partially absorbed,Current FS-4000–FS-14000 package exists; detailed absorption test pending,High,Requires artifact-level comparison,Possibly in implementation detail; unresolved until comparison,"Yes—preserves product evolution, domain breadth, or provenance"
PV10-0066 | 008_FINTECH_ECOSYSTEM(2).md,FS-4000,,Workflows content aligns most strongly to FS-4000,fully absorbed,Current FS-4000–FS-14000 package exists; detailed absorption test pending,Complete,None identified at the domain-framework level,Yes — FS-4000 is authoritative,No as an active derivative; original source remains valuable for provenance
PV10-0067 | 009_CREDIT_UNION_ECOSYSTEM.md,FS-4000,FS-12000,Ecosystem Documents content aligns most strongly to FS-4000,fully absorbed,Current FS-4000–FS-14000 package exists; detailed absorption test pending,Complete,None identified at the domain-framework level,Yes — FS-4000 is authoritative,No as an active derivative; original source remains valuable for provenance
PV10-0068 | 010_CAPITAL_MARKETS_ECOSYSTEM.md,FS-6000,FS-12000,Ecosystem Documents content aligns most strongly to FS-6000,fully absorbed,Current FS-4000–FS-14000 package exists; detailed absorption test pending,Complete,None identified at the domain-framework level,Yes — FS-4000 is authoritative,No as an active derivative; original source remains valuable for provenance
