artifact ID,filename,folder,source file,source heading,original line range or source boundary,document family,purpose,product layer,likely FS section,generation,authority status,maturity percentage,confidence in assessment,missing to reach 75%,missing to reach 100%,duplication notes,conflict notes,recommended action
PV10-0001,MASTER_PRODUCT_AND_INTELLIGENCE_MAP.md,00_MASTER,$ DISPATCH_INSTITUTIONAL_INTELLIGENCE_V1-20260722T063923Z-1-001(1).zip,Master Product and Institutional Intelligence Map,File: 00_MASTER/MASTER_PRODUCT_AND_INTELLIGENCE_MAP.md,Workflows,Defines or inventories Master Product and Institutional Intelligence Map,Workflows,FS-8000,Post–Volume 10 institutional intelligence package,Canonical Input,60,High,normalize object definitions; complete workflow/state logic; reconcile terminology and dependencies,machine-readable schemas and field dictionaries; fixtures and sample outputs; acceptance tests and validation; security/privacy controls,Potential overlap with later FS sections; verify against current release packages,No conflict resolved at inventory stage,"Preserve, map, and reconcile before retirement"
PV10-0002,SCOPE_AND_NON_GOALS.md,00_MASTER,$ DISPATCH_INSTITUTIONAL_INTELLIGENCE_V1-20260722T063923Z-1-001(1).zip,Scope and Non-Goals,File: 00_MASTER/SCOPE_AND_NON_GOALS.md,Agents,Defines or inventories Scope and Non-Goals,Agents,FS-6000,Post–Volume 10 institutional intelligence package,Active Draft,38,High,normalize object definitions; complete workflow/state logic; reconcile terminology and dependencies,machine-readable schemas and field dictionaries; permission/approval matrices; API and event contracts; fixtures and sample outputs; acceptance tests and validation; security/privacy controls; implementation and operations runbooks,Potential overlap with later FS sections; verify against current release packages,No conflict resolved at inventory stage,"Preserve, map, and reconcile before retirement"
PV10-0003,RFC-11000.md,01_VOLUME_XI,$ DISPATCH_INSTITUTIONAL_INTELLIGENCE_V1-20260722T063923Z-1-001(1).zip,RFC-11000 — Volume XI Architecture & Dependency Map,File: 01_VOLUME_XI/RFC-11000.md,Workflows,Defines or inventories RFC-11000 — Volume XI Architecture & Dependency Map,Workflows,FS-4000,Post–Volume 10 institutional intelligence package,Active Draft,50,High,normalize object definitions; complete workflow/state logic; reconcile terminology and dependencies,machine-readable schemas and field dictionaries; fixtures and sample outputs; security/privacy controls; implementation and operations runbooks,Potential overlap with later FS sections; verify against current release packages,No conflict resolved at inventory stage,"Preserve, map, and reconcile before retirement"
PV10-0004,RFC-11001.md,01_VOLUME_XI,$ DISPATCH_INSTITUTIONAL_INTELLIGENCE_V1-20260722T063923Z-1-001(1).zip,RFC-11001 — Institutional Intelligence Philosophy,File: 01_VOLUME_XI/RFC-11001.md,"Documents, Evidence and Knowledge",Defines or inventories RFC-11001 — Institutional Intelligence Philosophy,"Documents, Evidence and Knowledge",FS-6000,Post–Volume 10 institutional intelligence package,Active Draft,44,High,normalize object definitions; complete workflow/state logic; reconcile terminology and dependencies,machine-readable schemas and field dictionaries; API and event contracts; fixtures and sample outputs; acceptance tests and validation; security/privacy controls; implementation and operations runbooks,Potential overlap with later FS sections; verify against current release packages,No conflict resolved at inventory stage,"Preserve, map, and reconcile before retirement"
PV10-0005,RFC-11002.md,01_VOLUME_XI,$ DISPATCH_INSTITUTIONAL_INTELLIGENCE_V1-20260722T063923Z-1-001(1).zip,RFC-11002 — Institution and Market Domain Model,File: 01_VOLUME_XI/RFC-11002.md,"Data, Connectors and Graph",Defines or inventories RFC-11002 — Institution and Market Domain Model,"Data, Connectors and Graph",FS-9000,Post–Volume 10 institutional intelligence package,Active Draft,47,High,normalize object definitions; complete workflow/state logic; reconcile terminology and dependencies,machine-readable schemas and field dictionaries; API and event contracts; fixtures and sample outputs; acceptance tests and validation; security/privacy controls; implementation and operations runbooks,Potential overlap with later FS sections; verify against current release packages,No conflict resolved at inventory stage,"Preserve, map, and reconcile before retirement"
PV10-0006,RFC-11003.md,01_VOLUME_XI,$ DISPATCH_INSTITUTIONAL_INTELLIGENCE_V1-20260722T063923Z-1-001(1).zip,RFC-11003 — Financial Infrastructure and Fintech Capability Model,File: 01_VOLUME_XI/RFC-11003.md,"Documents, Evidence and Knowledge",Defines or inventories RFC-11003 — Financial Infrastructure and Fintech Capability Model,"Documents, Evidence and Knowledge",FS-4000,Post–Volume 10 institutional intelligence package,Active Draft,41,High,normalize object definitions; complete workflow/state logic; reconcile terminology and dependencies,machine-readable schemas and field dictionaries; API and event contracts; fixtures and sample outputs; acceptance tests and validation; implementation and operations runbooks,Potential overlap with later FS sections; verify against current release packages,No conflict resolved at inventory stage,"Preserve, map, and reconcile before retirement"
PV10-0007,RFC-11004.md,01_VOLUME_XI,$ DISPATCH_INSTITUTIONAL_INTELLIGENCE_V1-20260722T063923Z-1-001(1).zip,RFC-11004 — Financial Product and Instrument Model,File: 01_VOLUME_XI/RFC-11004.md,"Documents, Evidence and Knowledge",Defines or inventories RFC-11004 — Financial Product and Instrument Model,"Documents, Evidence and Knowledge",FS-13000,Post–Volume 10 institutional intelligence package,Active Draft,32,High,normalize object definitions; complete workflow/state logic; reconcile terminology and dependencies,machine-readable schemas and field dictionaries; API and event contracts; fixtures and sample outputs; acceptance tests and validation; security/privacy controls; implementation and operations runbooks,Potential overlap with later FS sections; verify against current release packages,No conflict resolved at inventory stage,"Preserve, map, and reconcile before retirement"
PV10-0008,RFC-11005.md,01_VOLUME_XI,$ DISPATCH_INSTITUTIONAL_INTELLIGENCE_V1-20260722T063923Z-1-001(1).zip,RFC-11005 — Cooperative Finance Model,File: 01_VOLUME_XI/RFC-11005.md,"Executive, Board and Governance",Defines or inventories RFC-11005 — Cooperative Finance Model,"Executive, Board and Governance",FS-8000,Post–Volume 10 institutional intelligence package,Active Draft,44,High,normalize object definitions; complete workflow/state logic; reconcile terminology and dependencies,machine-readable schemas and field dictionaries; fixtures and sample outputs; acceptance tests and validation; security/privacy controls; implementation and operations runbooks,Potential overlap with later FS sections; verify against current release packages,No conflict resolved at inventory stage,"Preserve, map, and reconcile before retirement"
PV10-0009,RFC-11006.md,01_VOLUME_XI,$ DISPATCH_INSTITUTIONAL_INTELLIGENCE_V1-20260722T063923Z-1-001(1).zip,RFC-11006 — Innovation Adoption and Procurement Model,File: 01_VOLUME_XI/RFC-11006.md,"Executive, Board and Governance",Defines or inventories RFC-11006 — Innovation Adoption and Procurement Model,"Executive, Board and Governance",FS-12000,Post–Volume 10 institutional intelligence package,Active Draft,53,High,normalize object definitions; complete workflow/state logic; reconcile terminology and dependencies,machine-readable schemas and field dictionaries; API and event contracts; fixtures and sample outputs; acceptance tests and validation,Potential overlap with later FS sections; verify against current release packages,No conflict resolved at inventory stage,"Preserve, map, and reconcile before retirement"
PV10-0010,RFC-11007.md,01_VOLUME_XI,$ DISPATCH_INSTITUTIONAL_INTELLIGENCE_V1-20260722T063923Z-1-001(1).zip,RFC-11007 — Institutional Profile Assembly,File: 01_VOLUME_XI/RFC-11007.md,"Data, Connectors and Graph",Defines or inventories RFC-11007 — Institutional Profile Assembly,"Data, Connectors and Graph",FS-9000,Post–Volume 10 institutional intelligence package,Active Draft,41,High,normalize object definitions; complete workflow/state logic; reconcile terminology and dependencies,machine-readable schemas and field dictionaries; API and event contracts; fixtures and sample outputs; acceptance tests and validation; security/privacy controls; implementation and operations runbooks,Potential overlap with later FS sections; verify against current release packages,No conflict resolved at inventory stage,"Preserve, map, and reconcile before retirement"
PV10-0011,RFC-11008.md,01_VOLUME_XI,$ DISPATCH_INSTITUTIONAL_INTELLIGENCE_V1-20260722T063923Z-1-001(1).zip,RFC-11008 — Institutional Relationship and Market Graph,File: 01_VOLUME_XI/RFC-11008.md,"Data, Connectors and Graph",Defines or inventories RFC-11008 — Institutional Relationship and Market Graph,"Data, Connectors and Graph",FS-9000,Post–Volume 10 institutional intelligence package,Active Draft,44,High,normalize object definitions; complete workflow/state logic; reconcile terminology and dependencies,machine-readable schemas and field dictionaries; API and event contracts; fixtures and sample outputs; acceptance tests and validation; security/privacy controls,Potential overlap with later FS sections; verify against current release packages,No conflict resolved at inventory stage,"Preserve, map, and reconcile before retirement"
PV10-0012,RFC-11009.md,01_VOLUME_XI,$ DISPATCH_INSTITUTIONAL_INTELLIGENCE_V1-20260722T063923Z-1-001(1).zip,"RFC-11009 — Readiness, Fit, and Opportunity Intelligence",File: 01_VOLUME_XI/RFC-11009.md,"Documents, Evidence and Knowledge","Defines or inventories RFC-11009 — Readiness, Fit, and Opportunity Intelligence","Documents, Evidence and Knowledge",FS-6000,Post–Volume 10 institutional intelligence package,Active Draft,41,High,normalize object definitions; complete workflow/state logic; reconcile terminology and dependencies,machine-readable schemas and field dictionaries; API and event contracts; fixtures and sample outputs; acceptance tests and validation; security/privacy controls; implementation and operations runbooks,Potential overlap with later FS sections; verify against current release packages,No conflict resolved at inventory stage,"Preserve, map, and reconcile before retirement"
PV10-0013,RFC-11010.md,01_VOLUME_XI,$ DISPATCH_INSTITUTIONAL_INTELLIGENCE_V1-20260722T063923Z-1-001(1).zip,RFC-11010 — Regulatory and Compliance Intelligence,File: 01_VOLUME_XI/RFC-11010.md,"Documents, Evidence and Knowledge",Defines or inventories RFC-11010 — Regulatory and Compliance Intelligence,"Documents, Evidence and Knowledge",FS-6000,Post–Volume 10 institutional intelligence package,Active Draft,44,High,normalize object definitions; complete workflow/state logic; reconcile terminology and dependencies,machine-readable schemas and field dictionaries; API and event contracts; fixtures and sample outputs; acceptance tests and validation; implementation and operations runbooks,Potential overlap with later FS sections; verify against current release packages,No conflict resolved at inventory stage,"Preserve, map, and reconcile before retirement"
PV10-0014,RFC-11011.md,01_VOLUME_XI,$ DISPATCH_INSTITUTIONAL_INTELLIGENCE_V1-20260722T063923Z-1-001(1).zip,RFC-11011 — Institutional Decision and Evidence Model,File: 01_VOLUME_XI/RFC-11011.md,"Documents, Evidence and Knowledge",Defines or inventories RFC-11011 — Institutional Decision and Evidence Model,"Documents, Evidence and Knowledge",FS-6000,Post–Volume 10 institutional intelligence package,Active Draft,26,High,normalize object definitions; complete workflow/state logic; reconcile terminology and dependencies,machine-readable schemas and field dictionaries; API and event contracts; fixtures and sample outputs; acceptance tests and validation; security/privacy controls; implementation and operations runbooks,Potential overlap with later FS sections; verify against current release packages,No conflict resolved at inventory stage,"Preserve, map, and reconcile before retirement"
PV10-0015,RFC-11012.md,01_VOLUME_XI,$ DISPATCH_INSTITUTIONAL_INTELLIGENCE_V1-20260722T063923Z-1-001(1).zip,RFC-11012 — Public Intelligence and Publication Model,File: 01_VOLUME_XI/RFC-11012.md,"Executive, Board and Governance",Defines or inventories RFC-11012 — Public Intelligence and Publication Model,"Executive, Board and Governance",FS-4000,Post–Volume 10 institutional intelligence package,Active Draft,26,High,normalize object definitions; complete workflow/state logic; reconcile terminology and dependencies,machine-readable schemas and field dictionaries; API and event contracts; fixtures and sample outputs; acceptance tests and validation; security/privacy controls; implementation and operations runbooks,Potential overlap with later FS sections; verify against current release packages,No conflict resolved at inventory stage,"Preserve, map, and reconcile before retirement"
PV10-0016,RFC-11013.md,01_VOLUME_XI,$ DISPATCH_INSTITUTIONAL_INTELLIGENCE_V1-20260722T063923Z-1-001(1).zip,RFC-11013 — Private Institutional Configuration Model,File: 01_VOLUME_XI/RFC-11013.md,Workflows,Defines or inventories RFC-11013 — Private Institutional Configuration Model,Workflows,FS-8000,Post–Volume 10 institutional intelligence package,Active Draft,32,High,normalize object definitions; complete workflow/state logic; reconcile terminology and dependencies,machine-readable schemas and field dictionaries; API and event contracts; fixtures and sample outputs; acceptance tests and validation; implementation and operations runbooks,Potential overlap with later FS sections; verify against current release packages,No conflict resolved at inventory stage,"Preserve, map, and reconcile before retirement"
PV10-0017,RFC-11014.md,01_VOLUME_XI,$ DISPATCH_INSTITUTIONAL_INTELLIGENCE_V1-20260722T063923Z-1-001(1).zip,RFC-11014 — Institutional Intelligence APIs,File: 01_VOLUME_XI/RFC-11014.md,"Data, Connectors and Graph",Defines or inventories RFC-11014 — Institutional Intelligence APIs,"Data, Connectors and Graph",FS-9000,Post–Volume 10 institutional intelligence package,Active Draft,29,High,normalize object definitions; complete workflow/state logic; reconcile terminology and dependencies,machine-readable schemas and field dictionaries; fixtures and sample outputs; acceptance tests and validation; security/privacy controls; implementation and operations runbooks,Potential overlap with later FS sections; verify against current release packages,No conflict resolved at inventory stage,"Preserve, map, and reconcile before retirement"
PV10-0018,RFC-11015.md,01_VOLUME_XI,$ DISPATCH_INSTITUTIONAL_INTELLIGENCE_V1-20260722T063923Z-1-001(1).zip,"RFC-11015 — Acceptance, Evaluation, and Operational Readiness",File: 01_VOLUME_XI/RFC-11015.md,"Executive, Board and Governance","Defines or inventories RFC-11015 — Acceptance, Evaluation, and Operational Readiness","Executive, Board and Governance",FS-8000,Post–Volume 10 institutional intelligence package,Active Draft,53,High,normalize object definitions; complete workflow/state logic; reconcile terminology and dependencies,machine-readable schemas and field dictionaries; fixtures and sample outputs; acceptance tests and validation; security/privacy controls,Potential overlap with later FS sections; verify against current release packages,No conflict resolved at inventory stage,"Preserve, map, and reconcile before retirement"
PV10-0019,CAPITAL_MARKETS_AND_PRIVATE_MARKETS.md,02_ONTOLOGY,$ DISPATCH_INSTITUTIONAL_INTELLIGENCE_V1-20260722T063923Z-1-001(1).zip,Capital Markets and Private Markets Ontology,File: 02_ONTOLOGY/CAPITAL_MARKETS_AND_PRIVATE_MARKETS.md,Ontology and Truth Models,Defines or inventories Capital Markets and Private Markets Ontology,Ontology and Truth Models,FS-4000,Post–Volume 10 institutional intelligence package,Superseded,44,High,normalize object definitions; complete workflow/state logic; reconcile terminology and dependencies,machine-readable schemas and field dictionaries; permission/approval matrices; fixtures and sample outputs; acceptance tests and validation; implementation and operations runbooks,Fully absorbed by FS-4000 domain operating frameworks; see FS4000_REDUNDANCY_RECONCILIATION.csv.,No conflict resolved at inventory stage,Retain only in original unmodified source; remove segmented derivative from active package because FS-4000 is authoritative.
PV10-0020,COOPERATIVE_FINANCE_AND_CUSOS.md,02_ONTOLOGY,$ DISPATCH_INSTITUTIONAL_INTELLIGENCE_V1-20260722T063923Z-1-001(1).zip,Cooperative Finance and CUSO Ontology,File: 02_ONTOLOGY/COOPERATIVE_FINANCE_AND_CUSOS.md,Ontology and Truth Models,Defines or inventories Cooperative Finance and CUSO Ontology,Ontology and Truth Models,FS-4000,Post–Volume 10 institutional intelligence package,Superseded,29,High,normalize object definitions; complete workflow/state logic; reconcile terminology and dependencies,machine-readable schemas and field dictionaries; fixtures and sample outputs; acceptance tests and validation; security/privacy controls; implementation and operations runbooks,Fully absorbed by FS-4000 domain operating frameworks; see FS4000_REDUNDANCY_RECONCILIATION.csv.,No conflict resolved at inventory stage,Retain only in original unmodified source; remove segmented derivative from active package because FS-4000 is authoritative.
PV10-0021,CUSTOMERS_MEMBERS_AND_RELATIONSHIPS.md,02_ONTOLOGY,$ DISPATCH_INSTITUTIONAL_INTELLIGENCE_V1-20260722T063923Z-1-001(1).zip,"Customers, Members, and Relationships Ontology",File: 02_ONTOLOGY/CUSTOMERS_MEMBERS_AND_RELATIONSHIPS.md,Ontology and Truth Models,"Defines or inventories Customers, Members, and Relationships Ontology",Ontology and Truth Models,FS-4000,Post–Volume 10 institutional intelligence package,Superseded,23,High,normalize object definitions; complete workflow/state logic; reconcile terminology and dependencies,machine-readable schemas and field dictionaries; permission/approval matrices; API and event contracts; fixtures and sample outputs; acceptance tests and validation; security/privacy controls; implementation and operations runbooks,Fully absorbed by FS-4000 domain operating frameworks; see FS4000_REDUNDANCY_RECONCILIATION.csv.,No conflict resolved at inventory stage,Retain only in original unmodified source; remove segmented derivative from active package because FS-4000 is authoritative.
PV10-0022,DEPOSITS_TREASURY_AND_LIQUIDITY.md,02_ONTOLOGY,$ DISPATCH_INSTITUTIONAL_INTELLIGENCE_V1-20260722T063923Z-1-001(1).zip,"Deposits, Treasury, and Liquidity Ontology",File: 02_ONTOLOGY/DEPOSITS_TREASURY_AND_LIQUIDITY.md,Ontology and Truth Models,"Defines or inventories Deposits, Treasury, and Liquidity Ontology",Ontology and Truth Models,FS-4000,Post–Volume 10 institutional intelligence package,Superseded,38,High,normalize object definitions; complete workflow/state logic; reconcile terminology and dependencies,machine-readable schemas and field dictionaries; permission/approval matrices; API and event contracts; fixtures and sample outputs; acceptance tests and validation; security/privacy controls; implementation and operations runbooks,Fully absorbed by FS-4000 domain operating frameworks; see FS4000_REDUNDANCY_RECONCILIATION.csv.,No conflict resolved at inventory stage,Retain only in original unmodified source; remove segmented derivative from active package because FS-4000 is authoritative.
PV10-0023,FINANCE_ACCOUNTING_AND_ECONOMICS.md,02_ONTOLOGY,$ DISPATCH_INSTITUTIONAL_INTELLIGENCE_V1-20260722T063923Z-1-001(1).zip,"Finance, Accounting, and Institutional Economics Ontology",File: 02_ONTOLOGY/FINANCE_ACCOUNTING_AND_ECONOMICS.md,Ontology and Truth Models,"Defines or inventories Finance, Accounting, and Institutional Economics Ontology",Ontology and Truth Models,FS-6000,Post–Volume 10 institutional intelligence package,Superseded,29,High,normalize object definitions; complete workflow/state logic; reconcile terminology and dependencies,machine-readable schemas and field dictionaries; permission/approval matrices; fixtures and sample outputs; acceptance tests and validation; security/privacy controls; implementation and operations runbooks,Fully absorbed by FS-4000 domain operating frameworks; see FS4000_REDUNDANCY_RECONCILIATION.csv.,No conflict resolved at inventory stage,Retain only in original unmodified source; remove segmented derivative from active package because FS-4000 is authoritative.
PV10-0024,FINTECH_AND_FINANCIAL_INFRASTRUCTURE.md,02_ONTOLOGY,$ DISPATCH_INSTITUTIONAL_INTELLIGENCE_V1-20260722T063923Z-1-001(1).zip,Fintech and Financial Infrastructure Ontology,File: 02_ONTOLOGY/FINTECH_AND_FINANCIAL_INFRASTRUCTURE.md,Workflows,Defines or inventories Fintech and Financial Infrastructure Ontology,Workflows,FS-12000,Post–Volume 10 institutional intelligence package,Superseded,47,High,normalize object definitions; complete workflow/state logic; reconcile terminology and dependencies,machine-readable schemas and field dictionaries; permission/approval matrices; fixtures and sample outputs; acceptance tests and validation,Fully absorbed by FS-4000 domain operating frameworks; see FS4000_REDUNDANCY_RECONCILIATION.csv.,No conflict resolved at inventory stage,Retain only in original unmodified source; remove segmented derivative from active package because FS-4000 is authoritative.
PV10-0025,INNOVATION_PROCUREMENT_AND_ADOPTION.md,02_ONTOLOGY,$ DISPATCH_INSTITUTIONAL_INTELLIGENCE_V1-20260722T063923Z-1-001(1).zip,"Innovation, Procurement, and Adoption Ontology",File: 02_ONTOLOGY/INNOVATION_PROCUREMENT_AND_ADOPTION.md,Ontology and Truth Models,"Defines or inventories Innovation, Procurement, and Adoption Ontology",Ontology and Truth Models,FS-12000,Post–Volume 10 institutional intelligence package,Superseded,47,High,normalize object definitions; complete workflow/state logic; reconcile terminology and dependencies,machine-readable schemas and field dictionaries; permission/approval matrices; API and event contracts; fixtures and sample outputs; acceptance tests and validation,Fully absorbed by FS-4000 domain operating frameworks; see FS4000_REDUNDANCY_RECONCILIATION.csv.,No conflict resolved at inventory stage,Retain only in original unmodified source; remove segmented derivative from active package because FS-4000 is authoritative.
PV10-0026,INSTITUTIONS_AND_GOVERNANCE.md,02_ONTOLOGY,$ DISPATCH_INSTITUTIONAL_INTELLIGENCE_V1-20260722T063923Z-1-001(1).zip,Institutions and Governance Ontology,File: 02_ONTOLOGY/INSTITUTIONS_AND_GOVERNANCE.md,Workflows,Defines or inventories Institutions and Governance Ontology,Workflows,FS-4000,Post–Volume 10 institutional intelligence package,Superseded,47,High,normalize object definitions; complete workflow/state logic; reconcile terminology and dependencies,machine-readable schemas and field dictionaries; fixtures and sample outputs; acceptance tests and validation; security/privacy controls; implementation and operations runbooks,Fully absorbed by FS-4000 domain operating frameworks; see FS4000_REDUNDANCY_RECONCILIATION.csv.,No conflict resolved at inventory stage,Retain only in original unmodified source; remove segmented derivative from active package because FS-4000 is authoritative.
PV10-0027,LENDING_CREDIT_AND_SERVICING.md,02_ONTOLOGY,$ DISPATCH_INSTITUTIONAL_INTELLIGENCE_V1-20260722T063923Z-1-001(1).zip,"Lending, Credit, and Servicing Ontology",File: 02_ONTOLOGY/LENDING_CREDIT_AND_SERVICING.md,Ontology and Truth Models,"Defines or inventories Lending, Credit, and Servicing Ontology",Ontology and Truth Models,FS-13000,Post–Volume 10 institutional intelligence package,Superseded,41,High,normalize object definitions; complete workflow/state logic; reconcile terminology and dependencies,machine-readable schemas and field dictionaries; permission/approval matrices; API and event contracts; fixtures and sample outputs; acceptance tests and validation; security/privacy controls; implementation and operations runbooks,Fully absorbed by FS-4000 domain operating frameworks; see FS4000_REDUNDANCY_RECONCILIATION.csv.,No conflict resolved at inventory stage,Retain only in original unmodified source; remove segmented derivative from active package because FS-4000 is authoritative.
PV10-0028,OPERATIONS_TECHNOLOGY_AND_DATA.md,02_ONTOLOGY,$ DISPATCH_INSTITUTIONAL_INTELLIGENCE_V1-20260722T063923Z-1-001(1).zip,"Operations, Technology, and Data Ontology",File: 02_ONTOLOGY/OPERATIONS_TECHNOLOGY_AND_DATA.md,Workflows,"Defines or inventories Operations, Technology, and Data Ontology",Workflows,FS-8000,Post–Volume 10 institutional intelligence package,Superseded,41,High,normalize object definitions; complete workflow/state logic; reconcile terminology and dependencies,machine-readable schemas and field dictionaries; fixtures and sample outputs; acceptance tests and validation,Fully absorbed by FS-4000 domain operating frameworks; see FS4000_REDUNDANCY_RECONCILIATION.csv.,No conflict resolved at inventory stage,Retain only in original unmodified source; remove segmented derivative from active package because FS-4000 is authoritative.
PV10-0029,PAYMENTS_CARDS_AND_MONEY_MOVEMENT.md,02_ONTOLOGY,$ DISPATCH_INSTITUTIONAL_INTELLIGENCE_V1-20260722T063923Z-1-001(1).zip,"Payments, Cards, and Money Movement Ontology",File: 02_ONTOLOGY/PAYMENTS_CARDS_AND_MONEY_MOVEMENT.md,Ontology and Truth Models,"Defines or inventories Payments, Cards, and Money Movement Ontology",Ontology and Truth Models,FS-10000,Post–Volume 10 institutional intelligence package,Superseded,38,High,normalize object definitions; complete workflow/state logic; reconcile terminology and dependencies,machine-readable schemas and field dictionaries; permission/approval matrices; API and event contracts; fixtures and sample outputs; acceptance tests and validation; security/privacy controls; implementation and operations runbooks,Fully absorbed by FS-4000 domain operating frameworks; see FS4000_REDUNDANCY_RECONCILIATION.csv.,No conflict resolved at inventory stage,Retain only in original unmodified source; remove segmented derivative from active package because FS-4000 is authoritative.
PV10-0030,RISK_COMPLIANCE_AND_REGULATION.md,02_ONTOLOGY,$ DISPATCH_INSTITUTIONAL_INTELLIGENCE_V1-20260722T063923Z-1-001(1).zip,"Risk, Compliance, and Regulation Ontology",File: 02_ONTOLOGY/RISK_COMPLIANCE_AND_REGULATION.md,Ontology and Truth Models,"Defines or inventories Risk, Compliance, and Regulation Ontology",Ontology and Truth Models,FS-4000,Post–Volume 10 institutional intelligence package,Superseded,41,High,normalize object definitions; complete workflow/state logic; reconcile terminology and dependencies,machine-readable schemas and field dictionaries; API and event contracts; fixtures and sample outputs; acceptance tests and validation; security/privacy controls; implementation and operations runbooks,Fully absorbed by FS-4000 domain operating frameworks; see FS4000_REDUNDANCY_RECONCILIATION.csv.,No conflict resolved at inventory stage,Retain only in original unmodified source; remove segmented derivative from active package because FS-4000 is authoritative.
PV10-0031,WEALTH_BROKERAGE_TRUST_AND_INSURANCE.md,02_ONTOLOGY,$ DISPATCH_INSTITUTIONAL_INTELLIGENCE_V1-20260722T063923Z-1-001(1).zip,"Wealth, Brokerage, Trust, and Insurance Ontology",File: 02_ONTOLOGY/WEALTH_BROKERAGE_TRUST_AND_INSURANCE.md,Ontology and Truth Models,"Defines or inventories Wealth, Brokerage, Trust, and Insurance Ontology",Ontology and Truth Models,FS-12000,Post–Volume 10 institutional intelligence package,Superseded,32,High,normalize object definitions; complete workflow/state logic; reconcile terminology and dependencies,machine-readable schemas and field dictionaries; API and event contracts; fixtures and sample outputs; acceptance tests and validation; implementation and operations runbooks,Fully absorbed by FS-4000 domain operating frameworks; see FS4000_REDUNDANCY_RECONCILIATION.csv.,No conflict resolved at inventory stage,Retain only in original unmodified source; remove segmented derivative from active package because FS-4000 is authoritative.
PV10-0032,FINTECH_INSTITUTIONALIZATION_TRUTH_MODEL.md,03_TRUTH_MODELS,$ DISPATCH_INSTITUTIONAL_INTELLIGENCE_V1-20260722T063923Z-1-001(1).zip,Fintech Institutionalization Truth Model,File: 03_TRUTH_MODELS/FINTECH_INSTITUTIONALIZATION_TRUTH_MODEL.md,Ontology and Truth Models,Defines or inventories Fintech Institutionalization Truth Model,Ontology and Truth Models,FS-4000,Post–Volume 10 institutional intelligence package,Canonical Input,26,High,normalize object definitions; complete workflow/state logic; reconcile terminology and dependencies,machine-readable schemas and field dictionaries; permission/approval matrices; API and event contracts; fixtures and sample outputs; acceptance tests and validation,Potential overlap with later FS sections; verify against current release packages,No conflict resolved at inventory stage,"Preserve, map, and reconcile before retirement"
PV10-0033,INNOVATION_TO_INSTITUTION_BRIDGE.md,03_TRUTH_MODELS,$ DISPATCH_INSTITUTIONAL_INTELLIGENCE_V1-20260722T063923Z-1-001(1).zip,Innovation-to-Institution Bridge Truth Model,File: 03_TRUTH_MODELS/INNOVATION_TO_INSTITUTION_BRIDGE.md,Ontology and Truth Models,Defines or inventories Innovation-to-Institution Bridge Truth Model,Ontology and Truth Models,FS-6000,Post–Volume 10 institutional intelligence package,Active Draft,23,High,normalize object definitions; complete workflow/state logic; reconcile terminology and dependencies,machine-readable schemas and field dictionaries; permission/approval matrices; API and event contracts; fixtures and sample outputs; acceptance tests and validation; security/privacy controls; implementation and operations runbooks,Potential overlap with later FS sections; verify against current release packages,No conflict resolved at inventory stage,"Preserve, map, and reconcile before retirement"
PV10-0034,INSTITUTION_LIFECYCLE_TRUTH_MODEL.md,03_TRUTH_MODELS,$ DISPATCH_INSTITUTIONAL_INTELLIGENCE_V1-20260722T063923Z-1-001(1).zip,Institution Lifecycle Truth Model,File: 03_TRUTH_MODELS/INSTITUTION_LIFECYCLE_TRUTH_MODEL.md,Ontology and Truth Models,Defines or inventories Institution Lifecycle Truth Model,Ontology and Truth Models,FS-8000,Post–Volume 10 institutional intelligence package,Canonical Input,26,High,normalize object definitions; complete workflow/state logic; reconcile terminology and dependencies,machine-readable schemas and field dictionaries; API and event contracts; fixtures and sample outputs; acceptance tests and validation; security/privacy controls; implementation and operations runbooks,Potential overlap with later FS sections; verify against current release packages,No conflict resolved at inventory stage,"Preserve, map, and reconcile before retirement"
PV10-0035,LENDING_CREDIT_TRUTH_MODEL.md,03_TRUTH_MODELS,$ DISPATCH_INSTITUTIONAL_INTELLIGENCE_V1-20260722T063923Z-1-001(1).zip,Lending and Credit Truth Model,File: 03_TRUTH_MODELS/LENDING_CREDIT_TRUTH_MODEL.md,Ontology and Truth Models,Defines or inventories Lending and Credit Truth Model,Ontology and Truth Models,FS-8000,Post–Volume 10 institutional intelligence package,Superseded,20,High,normalize object definitions; complete workflow/state logic; reconcile terminology and dependencies,machine-readable schemas and field dictionaries; permission/approval matrices; API and event contracts; fixtures and sample outputs; acceptance tests and validation; security/privacy controls; implementation and operations runbooks,Fully absorbed by FS-4000 domain operating frameworks; see FS4000_REDUNDANCY_RECONCILIATION.csv.,No conflict resolved at inventory stage,Retain only in original unmodified source; remove segmented derivative from active package because FS-4000 is authoritative.
PV10-0036,PARTNERSHIP_PILOT_INVESTMENT_TRUTH_MODEL.md,03_TRUTH_MODELS,$ DISPATCH_INSTITUTIONAL_INTELLIGENCE_V1-20260722T063923Z-1-001(1).zip,"Partnership, Pilot, and Investment Truth Model",File: 03_TRUTH_MODELS/PARTNERSHIP_PILOT_INVESTMENT_TRUTH_MODEL.md,Ontology and Truth Models,"Defines or inventories Partnership, Pilot, and Investment Truth Model",Ontology and Truth Models,FS-6000,Post–Volume 10 institutional intelligence package,Canonical Input,20,High,normalize object definitions; complete workflow/state logic; reconcile terminology and dependencies,machine-readable schemas and field dictionaries; permission/approval matrices; API and event contracts; fixtures and sample outputs; acceptance tests and validation; security/privacy controls; implementation and operations runbooks,Potential overlap with later FS sections; verify against current release packages,No conflict resolved at inventory stage,"Preserve, map, and reconcile before retirement"
PV10-0037,REGULATORY_INTELLIGENCE_TRUTH_MODEL.md,03_TRUTH_MODELS,$ DISPATCH_INSTITUTIONAL_INTELLIGENCE_V1-20260722T063923Z-1-001(1).zip,Regulatory Intelligence Truth Model,File: 03_TRUTH_MODELS/REGULATORY_INTELLIGENCE_TRUTH_MODEL.md,Workflows,Defines or inventories Regulatory Intelligence Truth Model,Workflows,FS-6000,Post–Volume 10 institutional intelligence package,Superseded,26,High,normalize object definitions; complete workflow/state logic; reconcile terminology and dependencies,machine-readable schemas and field dictionaries; API and event contracts; fixtures and sample outputs; acceptance tests and validation; security/privacy controls; implementation and operations runbooks,Fully absorbed by FS-4000 domain operating frameworks; see FS4000_REDUNDANCY_RECONCILIATION.csv.,No conflict resolved at inventory stage,Retain only in original unmodified source; remove segmented derivative from active package because FS-4000 is authoritative.
PV10-0038,EVIDENCE_CONFIDENCE_AND_FRESHNESS.md,04_RULES,$ DISPATCH_INSTITUTIONAL_INTELLIGENCE_V1-20260722T063923Z-1-001(1).zip,"Evidence, Confidence, and Freshness Rules",File: 04_RULES/EVIDENCE_CONFIDENCE_AND_FRESHNESS.md,"Documents, Evidence and Knowledge","Defines or inventories Evidence, Confidence, and Freshness Rules","Documents, Evidence and Knowledge",FS-8000,Post–Volume 10 institutional intelligence package,Active Draft,23,High,normalize object definitions; complete workflow/state logic; reconcile terminology and dependencies,machine-readable schemas and field dictionaries; API and event contracts; fixtures and sample outputs; acceptance tests and validation; security/privacy controls; implementation and operations runbooks,Potential overlap with later FS sections; verify against current release packages,No conflict resolved at inventory stage,"Preserve, map, and reconcile before retirement"
PV10-0039,INSTITUTIONAL_RULE_LIBRARY.md,04_RULES,$ DISPATCH_INSTITUTIONAL_INTELLIGENCE_V1-20260722T063923Z-1-001(1).zip,Institutional Rule Library,File: 04_RULES/INSTITUTIONAL_RULE_LIBRARY.md,"Documents, Evidence and Knowledge",Defines or inventories Institutional Rule Library,"Documents, Evidence and Knowledge",FS-6000,Post–Volume 10 institutional intelligence package,Active Draft,47,High,normalize object definitions; complete workflow/state logic; reconcile terminology and dependencies,machine-readable schemas and field dictionaries; API and event contracts; fixtures and sample outputs; acceptance tests and validation; security/privacy controls,Potential overlap with later FS sections; verify against current release packages,No conflict resolved at inventory stage,"Preserve, map, and reconcile before retirement"
PV10-0040,READINESS_AND_FIT_SCORING.md,04_RULES,$ DISPATCH_INSTITUTIONAL_INTELLIGENCE_V1-20260722T063923Z-1-001(1).zip,Readiness and Fit Scoring Specification,File: 04_RULES/READINESS_AND_FIT_SCORING.md,"Data, Connectors and Graph",Defines or inventories Readiness and Fit Scoring Specification,"Data, Connectors and Graph",FS-12000,Post–Volume 10 institutional intelligence package,Active Draft,47,High,normalize object definitions; complete workflow/state logic; reconcile terminology and dependencies,machine-readable schemas and field dictionaries; permission/approval matrices; API and event contracts; fixtures and sample outputs; acceptance tests and validation,Potential overlap with later FS sections; verify against current release packages,No conflict resolved at inventory stage,"Preserve, map, and reconcile before retirement"
PV10-0041,01_PUBLIC_INSTITUTION_PROFILE.md,05_WORKFLOWS,$ DISPATCH_INSTITUTIONAL_INTELLIGENCE_V1-20260722T063923Z-1-001(1).zip,01 Public Institution Profile,File: 05_WORKFLOWS/01_PUBLIC_INSTITUTION_PROFILE.md,Agents,Defines or inventories 01 Public Institution Profile,Agents,FS-6000,Post–Volume 10 institutional intelligence package,Active Draft,35,High,normalize object definitions; complete workflow/state logic; reconcile terminology and dependencies,machine-readable schemas and field dictionaries; permission/approval matrices; API and event contracts; fixtures and sample outputs; security/privacy controls,Potential overlap with later FS sections; verify against current release packages,No conflict resolved at inventory stage,"Preserve, map, and reconcile before retirement"
PV10-0042,02_PRIVATE_TERMINAL_ONBOARDING.md,05_WORKFLOWS,$ DISPATCH_INSTITUTIONAL_INTELLIGENCE_V1-20260722T063923Z-1-001(1).zip,02 Private Terminal Onboarding,File: 05_WORKFLOWS/02_PRIVATE_TERMINAL_ONBOARDING.md,Agents,Defines or inventories 02 Private Terminal Onboarding,Agents,FS-8000,Post–Volume 10 institutional intelligence package,Active Draft,41,High,normalize object definitions; complete workflow/state logic; reconcile terminology and dependencies,machine-readable schemas and field dictionaries; API and event contracts; fixtures and sample outputs,Potential overlap with later FS sections; verify against current release packages,No conflict resolved at inventory stage,"Preserve, map, and reconcile before retirement"
PV10-0043,03_FINTECH_QUALIFICATION.md,05_WORKFLOWS,$ DISPATCH_INSTITUTIONAL_INTELLIGENCE_V1-20260722T063923Z-1-001(1).zip,03 Fintech Qualification,File: 05_WORKFLOWS/03_FINTECH_QUALIFICATION.md,Agents,Defines or inventories 03 Fintech Qualification,Agents,FS-6000,Post–Volume 10 institutional intelligence package,Active Draft,35,High,normalize object definitions; complete workflow/state logic; reconcile terminology and dependencies,machine-readable schemas and field dictionaries; permission/approval matrices; API and event contracts; fixtures and sample outputs; security/privacy controls,Potential overlap with later FS sections; verify against current release packages,No conflict resolved at inventory stage,"Preserve, map, and reconcile before retirement"
PV10-0044,04_INSTITUTION_FINTECH_MATCH.md,05_WORKFLOWS,$ DISPATCH_INSTITUTIONAL_INTELLIGENCE_V1-20260722T063923Z-1-001(1).zip,04 Institution Fintech Match,File: 05_WORKFLOWS/04_INSTITUTION_FINTECH_MATCH.md,Agents,Defines or inventories 04 Institution Fintech Match,Agents,FS-6000,Post–Volume 10 institutional intelligence package,Active Draft,35,High,normalize object definitions; complete workflow/state logic; reconcile terminology and dependencies,machine-readable schemas and field dictionaries; permission/approval matrices; API and event contracts; fixtures and sample outputs; security/privacy controls,Potential overlap with later FS sections; verify against current release packages,No conflict resolved at inventory stage,"Preserve, map, and reconcile before retirement"
PV10-0045,05_PILOT_EXECUTION.md,05_WORKFLOWS,$ DISPATCH_INSTITUTIONAL_INTELLIGENCE_V1-20260722T063923Z-1-001(1).zip,05 Pilot Execution,File: 05_WORKFLOWS/05_PILOT_EXECUTION.md,Agents,Defines or inventories 05 Pilot Execution,Agents,FS-12000,Post–Volume 10 institutional intelligence package,Active Draft,38,High,normalize object definitions; complete workflow/state logic; reconcile terminology and dependencies,machine-readable schemas and field dictionaries; permission/approval matrices; API and event contracts; fixtures and sample outputs,Potential overlap with later FS sections; verify against current release packages,No conflict resolved at inventory stage,"Preserve, map, and reconcile before retirement"
PV10-0046,06_VENDOR_DUE_DILIGENCE.md,05_WORKFLOWS,$ DISPATCH_INSTITUTIONAL_INTELLIGENCE_V1-20260722T063923Z-1-001(1).zip,06 Vendor Due Diligence,File: 05_WORKFLOWS/06_VENDOR_DUE_DILIGENCE.md,Agents,Defines or inventories 06 Vendor Due Diligence,Agents,FS-12000,Post–Volume 10 institutional intelligence package,Active Draft,38,High,normalize object definitions; complete workflow/state logic; reconcile terminology and dependencies,machine-readable schemas and field dictionaries; permission/approval matrices; API and event contracts; fixtures and sample outputs,Potential overlap with later FS sections; verify against current release packages,No conflict resolved at inventory stage,"Preserve, map, and reconcile before retirement"
PV10-0047,07_CUSO_PARTNERSHIP.md,05_WORKFLOWS,$ DISPATCH_INSTITUTIONAL_INTELLIGENCE_V1-20260722T063923Z-1-001(1).zip,07 Cuso Partnership,File: 05_WORKFLOWS/07_CUSO_PARTNERSHIP.md,Agents,Defines or inventories 07 Cuso Partnership,Agents,FS-6000,Post–Volume 10 institutional intelligence package,Active Draft,35,High,normalize object definitions; complete workflow/state logic; reconcile terminology and dependencies,machine-readable schemas and field dictionaries; permission/approval matrices; API and event contracts; fixtures and sample outputs; security/privacy controls,Potential overlap with later FS sections; verify against current release packages,No conflict resolved at inventory stage,"Preserve, map, and reconcile before retirement"
PV10-0048,08_INVESTMENT_COMMITTEE.md,05_WORKFLOWS,$ DISPATCH_INSTITUTIONAL_INTELLIGENCE_V1-20260722T063923Z-1-001(1).zip,08 Investment Committee,File: 05_WORKFLOWS/08_INVESTMENT_COMMITTEE.md,Agents,Defines or inventories 08 Investment Committee,Agents,FS-6000,Post–Volume 10 institutional intelligence package,Active Draft,35,High,normalize object definitions; complete workflow/state logic; reconcile terminology and dependencies,machine-readable schemas and field dictionaries; permission/approval matrices; API and event contracts; fixtures and sample outputs; security/privacy controls,Potential overlap with later FS sections; verify against current release packages,No conflict resolved at inventory stage,"Preserve, map, and reconcile before retirement"
PV10-0049,09_REGULATORY_CHANGE.md,05_WORKFLOWS,$ DISPATCH_INSTITUTIONAL_INTELLIGENCE_V1-20260722T063923Z-1-001(1).zip,09 Regulatory Change,File: 05_WORKFLOWS/09_REGULATORY_CHANGE.md,Workflows,Defines or inventories 09 Regulatory Change,Workflows,FS-6000,Post–Volume 10 institutional intelligence package,Active Draft,35,High,normalize object definitions; complete workflow/state logic; reconcile terminology and dependencies,machine-readable schemas and field dictionaries; permission/approval matrices; API and event contracts; fixtures and sample outputs; security/privacy controls,Potential overlap with later FS sections; verify against current release packages,No conflict resolved at inventory stage,"Preserve, map, and reconcile before retirement"
PV10-0050,10_AURIC_PUBLICATION.md,05_WORKFLOWS,$ DISPATCH_INSTITUTIONAL_INTELLIGENCE_V1-20260722T063923Z-1-001(1).zip,10 Auric Publication,File: 05_WORKFLOWS/10_AURIC_PUBLICATION.md,Agents,Defines or inventories 10 Auric Publication,Agents,FS-6000,Post–Volume 10 institutional intelligence package,Active Draft,35,High,normalize object definitions; complete workflow/state logic; reconcile terminology and dependencies,machine-readable schemas and field dictionaries; permission/approval matrices; API and event contracts; fixtures and sample outputs; security/privacy controls,Potential overlap with later FS sections; verify against current release packages,No conflict resolved at inventory stage,"Preserve, map, and reconcile before retirement"
PV10-0051,AGENT_CATALOG.csv,06_AGENTS,$ DISPATCH_INSTITUTIONAL_INTELLIGENCE_V1-20260722T063923Z-1-001(1).zip,AGENT_CATALOG,File: 06_AGENTS/AGENT_CATALOG.csv,Workflows,Defines or inventories AGENT_CATALOG,Workflows,FS-5000,Post–Volume 10 institutional intelligence package,Active Draft,60,High,normalize object definitions; complete workflow/state logic; reconcile terminology and dependencies,machine-readable schemas and field dictionaries; API and event contracts; fixtures and sample outputs; acceptance tests and validation; security/privacy controls,Potential overlap with later FS sections; verify against current release packages,No conflict resolved at inventory stage,"Preserve, map, and reconcile before retirement"
PV10-0052,AGENT_LIBRARY_SPEC.md,06_AGENTS,$ DISPATCH_INSTITUTIONAL_INTELLIGENCE_V1-20260722T063923Z-1-001(1).zip,Institutional Agent Library Specification,File: 06_AGENTS/AGENT_LIBRARY_SPEC.md,Agents,Defines or inventories Institutional Agent Library Specification,Agents,FS-4000,Post–Volume 10 institutional intelligence package,Active Draft,32,High,normalize object definitions; complete workflow/state logic; reconcile terminology and dependencies,API and event contracts; fixtures and sample outputs; acceptance tests and validation; implementation and operations runbooks,Potential overlap with later FS sections; verify against current release packages,No conflict resolved at inventory stage,"Preserve, map, and reconcile before retirement"
PV10-0053,MARKET_GRAPH_SCHEMA.md,07_PROFILES_GRAPH,$ DISPATCH_INSTITUTIONAL_INTELLIGENCE_V1-20260722T063923Z-1-001(1).zip,Institutional Market Graph Schema,File: 07_PROFILES_GRAPH/MARKET_GRAPH_SCHEMA.md,"Data, Connectors and Graph",Defines or inventories Institutional Market Graph Schema,"Data, Connectors and Graph",FS-9000,Post–Volume 10 institutional intelligence package,Active Draft,41,High,normalize object definitions; complete workflow/state logic; reconcile terminology and dependencies,permission/approval matrices; API and event contracts; fixtures and sample outputs; acceptance tests and validation; security/privacy controls; implementation and operations runbooks,Potential overlap with later FS sections; verify against current release packages,No conflict resolved at inventory stage,"Preserve, map, and reconcile before retirement"
PV10-0054,PROFILE_SCHEMAS.md,07_PROFILES_GRAPH,$ DISPATCH_INSTITUTIONAL_INTELLIGENCE_V1-20260722T063923Z-1-001(1).zip,Institutional Profile Schemas,File: 07_PROFILES_GRAPH/PROFILE_SCHEMAS.md,Workflows,Defines or inventories Institutional Profile Schemas,Workflows,FS-12000,Post–Volume 10 institutional intelligence package,Active Draft,50,High,normalize object definitions; complete workflow/state logic; reconcile terminology and dependencies,machine-readable schemas and field dictionaries; API and event contracts; fixtures and sample outputs; acceptance tests and validation,Potential overlap with later FS sections; verify against current release packages,No conflict resolved at inventory stage,"Preserve, map, and reconcile before retirement"
PV10-0055,CONNECTOR_PRIORITY_BACKLOG.md,08_SOURCES_CONNECTORS,$ DISPATCH_INSTITUTIONAL_INTELLIGENCE_V1-20260722T063923Z-1-001(1).zip,Connector Priority Backlog,File: 08_SOURCES_CONNECTORS/CONNECTOR_PRIORITY_BACKLOG.md,"Data, Connectors and Graph",Defines or inventories Connector Priority Backlog,"Data, Connectors and Graph",FS-8000,Post–Volume 10 institutional intelligence package,Active Draft,50,High,normalize object definitions; complete workflow/state logic; reconcile terminology and dependencies,permission/approval matrices; acceptance tests and validation; security/privacy controls,Potential overlap with later FS sections; verify against current release packages,No conflict resolved at inventory stage,"Preserve, map, and reconcile before retirement"
PV10-0056,PUBLIC_SOURCE_MAP.md,08_SOURCES_CONNECTORS,$ DISPATCH_INSTITUTIONAL_INTELLIGENCE_V1-20260722T063923Z-1-001(1).zip,Public and Permissioned Source Map,File: 08_SOURCES_CONNECTORS/PUBLIC_SOURCE_MAP.md,"Data, Connectors and Graph",Defines or inventories Public and Permissioned Source Map,"Data, Connectors and Graph",FS-8000,Post–Volume 10 institutional intelligence package,Active Draft,60,High,normalize object definitions; complete workflow/state logic; reconcile terminology and dependencies,machine-readable schemas and field dictionaries; API and event contracts; fixtures and sample outputs; acceptance tests and validation; implementation and operations runbooks,Potential overlap with later FS sections; verify against current release packages,No conflict resolved at inventory stage,"Preserve, map, and reconcile before retirement"
PV10-0057,ACCEPTANCE_TESTS.md,09_BUILD_HANDOFF,$ DISPATCH_INSTITUTIONAL_INTELLIGENCE_V1-20260722T063923Z-1-001(1).zip,Institutional Intelligence Acceptance Tests,File: 09_BUILD_HANDOFF/ACCEPTANCE_TESTS.md,"Data, Connectors and Graph",Defines or inventories Institutional Intelligence Acceptance Tests,"Data, Connectors and Graph",FS-6000,Post–Volume 10 institutional intelligence package,Active Draft,44,High,normalize object definitions; complete workflow/state logic; reconcile terminology and dependencies,machine-readable schemas and field dictionaries; permission/approval matrices; fixtures and sample outputs; security/privacy controls; implementation and operations runbooks,Potential overlap with later FS sections; verify against current release packages,No conflict resolved at inventory stage,"Preserve, map, and reconcile before retirement"
PV10-0058,CLAUDE_NEXT_THREAD_PROMPT.md,09_BUILD_HANDOFF,$ DISPATCH_INSTITUTIONAL_INTELLIGENCE_V1-20260722T063923Z-1-001(1).zip,Claude Next-Thread Prompt,File: 09_BUILD_HANDOFF/CLAUDE_NEXT_THREAD_PROMPT.md,"Data, Connectors and Graph",Defines or inventories Claude Next-Thread Prompt,"Data, Connectors and Graph",FS-6000,Post–Volume 10 institutional intelligence package,Active Draft,41,High,normalize object definitions; complete workflow/state logic; reconcile terminology and dependencies,machine-readable schemas and field dictionaries; API and event contracts; fixtures and sample outputs; acceptance tests and validation; security/privacy controls; implementation and operations runbooks,Potential overlap with later FS sections; verify against current release packages,No conflict resolved at inventory stage,"Preserve, map, and reconcile before retirement"
PV10-0059,IMPLEMENTATION_BACKLOG.md,09_BUILD_HANDOFF,$ DISPATCH_INSTITUTIONAL_INTELLIGENCE_V1-20260722T063923Z-1-001(1).zip,Implementation Backlog,File: 09_BUILD_HANDOFF/IMPLEMENTATION_BACKLOG.md,Workflows,Defines or inventories Implementation Backlog,Workflows,FS-8000,Post–Volume 10 institutional intelligence package,Historical Foundation,44,High,normalize object definitions; complete workflow/state logic; reconcile terminology and dependencies,machine-readable schemas and field dictionaries; permission/approval matrices; API and event contracts; fixtures and sample outputs; acceptance tests and validation; security/privacy controls,Potential overlap with later FS sections; verify against current release packages,No conflict resolved at inventory stage,"Preserve, map, and reconcile before retirement"
PV10-0060,WEEK_COMPLETION_PLAN.md,09_BUILD_HANDOFF,$ DISPATCH_INSTITUTIONAL_INTELLIGENCE_V1-20260722T063923Z-1-001(1).zip,Institutional Intelligence Week Completion Plan,File: 09_BUILD_HANDOFF/WEEK_COMPLETION_PLAN.md,Workflows,Defines or inventories Institutional Intelligence Week Completion Plan,Workflows,FS-4000,Post–Volume 10 institutional intelligence package,Historical Foundation,50,High,normalize object definitions; complete workflow/state logic; reconcile terminology and dependencies,permission/approval matrices; API and event contracts; fixtures and sample outputs; acceptance tests and validation; security/privacy controls,Potential overlap with later FS sections; verify against current release packages,No conflict resolved at inventory stage,"Preserve, map, and reconcile before retirement"
PV10-0061,MANIFEST.json,.,$ DISPATCH_INSTITUTIONAL_INTELLIGENCE_V1-20260722T063923Z-1-001(1).zip,MANIFEST,File: MANIFEST.json,Workflows,Defines or inventories MANIFEST,Workflows,FS-8000,Post–Volume 10 institutional intelligence package,Canonical Input,60,High,normalize object definitions; complete workflow/state logic; reconcile terminology and dependencies,permission/approval matrices; fixtures and sample outputs; acceptance tests and validation; security/privacy controls,Potential overlap with later FS sections; verify against current release packages,No conflict resolved at inventory stage,"Preserve, map, and reconcile before retirement"
PV10-0062,README.md,.,$ DISPATCH_INSTITUTIONAL_INTELLIGENCE_V1-20260722T063923Z-1-001(1).zip,Dispatch Institutional Intelligence V1,File: README.md,Workflows,Defines or inventories Dispatch Institutional Intelligence V1,Workflows,FS-4000,Post–Volume 10 institutional intelligence package,Active Draft,57,High,normalize object definitions; complete workflow/state logic; reconcile terminology and dependencies,machine-readable schemas and field dictionaries; permission/approval matrices; fixtures and sample outputs; security/privacy controls; implementation and operations runbooks,Potential overlap with later FS sections; verify against current release packages,No conflict resolved at inventory stage,"Preserve, map, and reconcile before retirement"
PV10-0063,domain_registry.json,data,$ DISPATCH_INSTITUTIONAL_INTELLIGENCE_V1-20260722T063923Z-1-001(1).zip,domain_registry,File: data/domain_registry.json,Ontology and Truth Models,Defines or inventories domain_registry,Ontology and Truth Models,FS-4000,Post–Volume 10 institutional intelligence package,Superseded,51,High,normalize object definitions; complete workflow/state logic; reconcile terminology and dependencies,machine-readable schemas and field dictionaries; permission/approval matrices; fixtures and sample outputs; acceptance tests and validation; security/privacy controls; implementation and operations runbooks,Fully absorbed by FS-4000 domain operating frameworks; see FS4000_REDUNDANCY_RECONCILIATION.csv.,No conflict resolved at inventory stage,Retain only in original unmodified source; remove segmented derivative from active package because FS-4000 is authoritative.
PV10-0064,relationship_types.json,data,$ DISPATCH_INSTITUTIONAL_INTELLIGENCE_V1-20260722T063923Z-1-001(1).zip,relationship_types,File: data/relationship_types.json,"Executive, Board and Governance",Defines or inventories relationship_types,"Executive, Board and Governance",FS-9000,Post–Volume 10 institutional intelligence package,Canonical Input,23,High,normalize object definitions; complete workflow/state logic; reconcile terminology and dependencies,machine-readable schemas and field dictionaries; permission/approval matrices; API and event contracts; fixtures and sample outputs; acceptance tests and validation; security/privacy controls; implementation and operations runbooks,Potential overlap with later FS sections; verify against current release packages,No conflict resolved at inventory stage,"Preserve, map, and reconcile before retirement"
PV10-0065,$ DISPATCH_OS_REMAINING_ROADMAP(1).md,root,$ DISPATCH_OS_REMAINING_ROADMAP(1).md,DISPATCH_OS_REMAINING_ROADMAP.md,Entire file,Workflows,Defines or inventories DISPATCH_OS_REMAINING_ROADMAP.md,Workflows,FS-4000,Immediate post–Volume X roadmap,Historical Foundation,70,High,normalize object definitions; complete workflow/state logic; reconcile terminology and dependencies,machine-readable schemas and field dictionaries; permission/approval matrices; fixtures and sample outputs; acceptance tests and validation; security/privacy controls,Potential overlap with later FS sections; verify against current release packages,No conflict resolved at inventory stage,"Preserve, map, and reconcile before retirement"
PV10-0066,008_FINTECH_ECOSYSTEM(2).md,root,008_FINTECH_ECOSYSTEM(2).md,008_FINTECH_ECOSYSTEM.md,Entire file,Workflows,Defines or inventories 008_FINTECH_ECOSYSTEM.md,Workflows,FS-4000,Post–Volume 10 ecosystem document,Superseded,73,High,normalize object definitions; complete workflow/state logic; reconcile terminology and dependencies,machine-readable schemas and field dictionaries; permission/approval matrices; fixtures and sample outputs; acceptance tests and validation,Fully absorbed by FS-4000 domain operating frameworks; see FS4000_REDUNDANCY_RECONCILIATION.csv.,No conflict resolved at inventory stage,Retain only in original unmodified source; remove segmented derivative from active package because FS-4000 is authoritative.
PV10-0067,009_CREDIT_UNION_ECOSYSTEM.md,embedded_segments,fintech venture vendor side (1)(1).md,009_CREDIT_UNION_ECOSYSTEM.md,Lines 1-2396,Ecosystem Documents,Defines or inventories 009 Credit Union Ecosystem,Ecosystem Documents,FS-4000,Large concatenated post–Volume 10 source compilation,Superseded,88,Medium,,machine-readable schemas and field dictionaries; fixtures and sample outputs; acceptance tests and validation,Fully absorbed by FS-4000 domain operating frameworks; see FS4000_REDUNDANCY_RECONCILIATION.csv.,No conflict resolved at inventory stage,Retain only in original unmodified source; remove segmented derivative from active package because FS-4000 is authoritative.
PV10-0068,010_CAPITAL_MARKETS_ECOSYSTEM.md,embedded_segments,fintech venture vendor side (1)(1).md,010_CAPITAL_MARKETS_ECOSYSTEM.md,Lines 2397-22448,Ecosystem Documents,Defines or inventories 010 Capital Markets Ecosystem,Ecosystem Documents,FS-6000,Large concatenated post–Volume 10 source compilation,Superseded,88,Medium,,fixtures and sample outputs,Fully absorbed by FS-4000 domain operating frameworks; see FS4000_REDUNDANCY_RECONCILIATION.csv.,No conflict resolved at inventory stage,Retain only in original unmodified source; remove segmented derivative from active package because FS-4000 is authoritative.
